{
  "results_dir": "analysis/template_centroid/results/put_the_cream_cheese_on_the_plate",
  "intervention_chunk": 2,
  "late_fraction": 0.2,
  "bootstrap_samples": 10000,
  "metrics": {
    "action_head_input": {
      "natural_success": {
        "early_mean_margin_chunk_0_4": {
          "mean": 0.012820146094270537,
          "ci_low": 0.008395455964666966,
          "ci_high": 0.017519658964703828,
          "std": 0.01072430460411071,
          "n_rollouts": 20
        },
        "post_intervention_mean_margin_chunk_2_4": {
          "mean": 0.015401121270553838,
          "ci_low": 0.008528892939121804,
          "ci_high": 0.02246259244106848,
          "std": 0.016524774223245817,
          "n_rollouts": 20
        },
        "nearest_success_ratio_chunk_0_4": {
          "mean": 0.76,
          "ci_low": 0.6500000000000001,
          "ci_high": 0.86,
          "std": 0.23929721664644754,
          "n_rollouts": 20
        },
        "nearest_success_ratio_pre_patch_chunk_0_1": {
          "mean": 0.725,
          "ci_low": 0.6,
          "ci_high": 0.85,
          "std": 0.3024026594146497,
          "n_rollouts": 20
        },
        "nearest_success_ratio_post_patch_chunk_2_4": {
          "mean": 0.7833333333333333,
          "ci_low": 0.6333333333333333,
          "ci_high": 0.9166666666666666,
          "std": 0.34666329283108593,
          "n_rollouts": 20
        },
        "template_switch_count": {
          "mean": 6.65,
          "ci_low": 5.6,
          "ci_high": 7.85,
          "std": 2.6611236249690506,
          "n_rollouts": 20
        },
        "late_success_alignment_final_20pct": {
          "mean": 0.030960820106062735,
          "ci_low": 0.019886400957959204,
          "ci_high": 0.0418700959914008,
          "std": 0.025553875864027596,
          "n_rollouts": 20
        }
      },
      "natural_failure": {
        "early_mean_margin_chunk_0_4": {
          "mean": -0.012833347188245319,
          "ci_low": -0.01615881288463359,
          "ci_high": -0.00949819685623709,
          "std": 0.009919280113581114,
          "n_rollouts": 33
        },
        "post_intervention_mean_margin_chunk_2_4": {
          "mean": -0.015381212886129942,
          "ci_low": -0.02025539441742715,
          "ci_high": -0.010539917469101356,
          "std": 0.01451474684929323,
          "n_rollouts": 33
        },
        "nearest_success_ratio_chunk_0_4": {
          "mean": 0.19393939393939397,
          "ci_low": 0.13333333333333333,
          "ci_high": 0.2606060606060606,
          "std": 0.19029482707662132,
          "n_rollouts": 33
        },
        "nearest_success_ratio_pre_patch_chunk_0_1": {
          "mean": 0.15151515151515152,
          "ci_low": 0.07575757575757576,
          "ci_high": 0.22727272727272727,
          "std": 0.23334686107971878,
          "n_rollouts": 33
        },
        "nearest_success_ratio_post_patch_chunk_2_4": {
          "mean": 0.2222222222222222,
          "ci_low": 0.1313131313131313,
          "ci_high": 0.31313131313131315,
          "std": 0.2721655269759087,
          "n_rollouts": 33
        },
        "template_switch_count": {
          "mean": 16.666666666666668,
          "ci_low": 15.757575757575758,
          "ci_high": 17.606060606060606,
          "std": 2.7348065135703234,
          "n_rollouts": 33
        },
        "late_success_alignment_final_20pct": {
          "mean": -0.001096575792091453,
          "ci_low": -0.006677198874148554,
          "ci_high": 0.0035186991396886228,
          "std": 0.01526285824068796,
          "n_rollouts": 33
        }
      },
      "intervention_recovered_success": {
        "early_mean_margin_chunk_0_4": {
          "mean": 0.008617759931421172,
          "ci_low": 0.004969024925070251,
          "ci_high": 0.0123968596519405,
          "std": 0.007189988230839232,
          "n_rollouts": 13
        },
        "post_intervention_mean_margin_chunk_2_4": {
          "mean": 0.01618397203228923,
          "ci_low": 0.011073755151085586,
          "ci_high": 0.020604080723101548,
          "std": 0.009134624982872652,
          "n_rollouts": 13
        },
        "nearest_success_ratio_chunk_0_4": {
          "mean": 0.6307692307692309,
          "ci_low": 0.5076923076923078,
          "ci_high": 0.7538461538461539,
          "std": 0.22870874995874624,
          "n_rollouts": 13
        },
        "nearest_success_ratio_pre_patch_chunk_0_1": {
          "mean": 0.3076923076923077,
          "ci_low": 0.11538461538461539,
          "ci_high": 0.5,
          "std": 0.38397382389415224,
          "n_rollouts": 13
        },
        "nearest_success_ratio_post_patch_chunk_2_4": {
          "mean": 0.846153846153846,
          "ci_low": 0.717948717948718,
          "ci_high": 0.9487179487179487,
          "std": 0.2200750972578416,
          "n_rollouts": 13
        },
        "template_switch_count": {
          "mean": 8.307692307692308,
          "ci_low": 7.0,
          "ci_high": 9.692307692307692,
          "std": 2.626296993379823,
          "n_rollouts": 13
        },
        "late_success_alignment_final_20pct": {
          "mean": 0.016851705596149805,
          "ci_low": 0.005321367923751527,
          "ci_high": 0.029124400245741495,
          "std": 0.022914787418361993,
          "n_rollouts": 13
        }
      }
    },
    "chunk_vector_mean": {
      "natural_success": {
        "early_mean_margin_chunk_0_4": {
          "mean": 0.01282014614129963,
          "ci_low": 0.008353925481591558,
          "ci_high": 0.017507300292079548,
          "std": 0.01072430466120271,
          "n_rollouts": 20
        },
        "post_intervention_mean_margin_chunk_2_4": {
          "mean": 0.015401121440536097,
          "ci_low": 0.008414538203900805,
          "ci_high": 0.022533085693832333,
          "std": 0.016524774261119052,
          "n_rollouts": 20
        },
        "nearest_success_ratio_chunk_0_4": {
          "mean": 0.76,
          "ci_low": 0.6500000000000001,
          "ci_high": 0.86,
          "std": 0.23929721664644754,
          "n_rollouts": 20
        },
        "nearest_success_ratio_pre_patch_chunk_0_1": {
          "mean": 0.725,
          "ci_low": 0.6,
          "ci_high": 0.85,
          "std": 0.3024026594146497,
          "n_rollouts": 20
        },
        "nearest_success_ratio_post_patch_chunk_2_4": {
          "mean": 0.7833333333333333,
          "ci_low": 0.6329166666666669,
          "ci_high": 0.9166666666666666,
          "std": 0.34666329283108593,
          "n_rollouts": 20
        },
        "template_switch_count": {
          "mean": 6.65,
          "ci_low": 5.6,
          "ci_high": 7.85,
          "std": 2.6611236249690506,
          "n_rollouts": 20
        },
        "late_success_alignment_final_20pct": {
          "mean": 0.03096082080664011,
          "ci_low": 0.019735380156705805,
          "ci_high": 0.04196457574640992,
          "std": 0.025553876422331232,
          "n_rollouts": 20
        }
      },
      "natural_failure": {
        "early_mean_margin_chunk_0_4": {
          "mean": -0.012833347236628464,
          "ci_low": -0.016154423859590372,
          "ci_high": -0.00952308590232811,
          "std": 0.009919280216078968,
          "n_rollouts": 33
        },
        "post_intervention_mean_margin_chunk_2_4": {
          "mean": -0.015381213058384966,
          "ci_low": -0.020143243069103194,
          "ci_high": -0.01049571635954034,
          "std": 0.014514747020849471,
          "n_rollouts": 33
        },
        "nearest_success_ratio_chunk_0_4": {
          "mean": 0.19393939393939397,
          "ci_low": 0.13333333333333333,
          "ci_high": 0.2606060606060606,
          "std": 0.19029482707662132,
          "n_rollouts": 33
        },
        "nearest_success_ratio_pre_patch_chunk_0_1": {
          "mean": 0.15151515151515152,
          "ci_low": 0.07575757575757576,
          "ci_high": 0.22727272727272727,
          "std": 0.23334686107971878,